Date,Articles
2014-02-16,"{""abstract"": ""Military contractors from Austria, Australia, Israel, the United States and other countries showcased unmanned aerial vehicles throughout the week at the Singapore Airshow."", ""web_url"": ""https://www.nytimes.com/2014/02/17/business/international/competition-fierce-for-sales-of-unarmed-drones.html"", ""snippet"": ""Military contractors from Austria, Australia, Israel, the United States and other countries showcased unmanned aerial vehicles throughout the week at the Singapore Airshow."", ""lead_paragraph"": ""SINGAPORE \u2014 While the supersonic jets, attack helicopters and surface-to-air missiles longer than a stretch limousine wowed an estimated 80,000 people who attended the final days of the Singapore Airshow over the weekend, it was a small, silent and unarmed weapon that took center stage as major players in the Southeast Asia weapons market hawked their wares."", ""print_section"": ""B"", ""print_page"": ""2"", ""source"": ""The New York Times"", ""multimedia"": [{""rank"": 0, ""subtype"": ""xlarge"", ""caption"": null, ""credit"": null, ""type"": ""image"", ""url"": ""images/2014/02/17/business/drone/drone-articleLarge.jpg"", ""height"": 399, ""width"": 600, ""subType"": ""xlarge"", ""crop_name"": ""articleLarge"", ""legacy"": {""xlarge"": ""images/2014/02/17/business/drone/drone-articleLarge.jpg"", ""xlargewidth"": 600, ""xlargeheight"": 399}}, {""rank"": 0, ""subtype"": ""jumbo"", ""caption"": null, ""credit"": null, ""type"": ""image"", ""url"": ""images/2014/02/17/business/drone/drone-jumbo.jpg"", ""height"": 682, ""width"": 1024, ""subType"": ""jumbo"", ""crop_name"": ""jumbo"", ""legacy"": {}}, {""rank"": 0, ""subtype"": ""superJumbo"", ""caption"": null, ""credit"": null, ""type"": ""image"", ""url"": ""images/2014/02/17/business/drone/drone-superJumbo.jpg"", ""height"": 1363, ""width"": 2048, ""subType"": ""superJumbo"", ""crop_name"": ""superJumbo"", ""legacy"": {}}, {""rank"": 0, ""subtype"": ""thumbnail"", ""caption"": null, ""credit"": null, ""type"": ""image"", ""url"": ""images/2014/02/17/business/drone/drone-thumbStandard.jpg"", ""height"": 75, ""width"": 75, ""subType"": ""thumbnail"", ""crop_name"": ""thumbStandard"", ""legacy"": {""thumbnail"": ""images/2014/02/17/business/drone/drone-thumbStandard.jpg"", ""thumbnailwidth"": 75, ""thumbnailheight"": 75}}, {""rank"": 0, ""subtype"": ""thumbLarge"", ""caption"": null, ""credit"": null, ""type"": ""image"", ""url"": ""images/2014/02/17/business/drone/drone-thumbLarge.jpg"", ""height"": 150, ""width"": 150, ""subType"": ""thumbLarge"", ""crop_name"": ""thumbLarge"", ""legacy"": {}}], ""headline"": {""main"": ""At Asia Air Show, Plenty of Competition for Sales of Drones"", ""kicker"": null, ""content_kicker"": null, ""print_headline"": ""At Asia Air Show, Plenty of Competition for Sales of Drones"", ""name"": null, ""seo"": null, ""sub"": null}, ""keywords"": [{""name"": ""subject"", ""value"": ""Drones (Pilotless Planes)"", ""rank"": 1, ""major"": ""N""}, {""name"": ""persons"", ""value"": ""Cochrane, Joe"", ""rank"": 2, ""major"": ""N""}, {""name"": ""organizations"", ""value"": ""BAE Systems PLC"", ""rank"": 3, ""major"": ""N""}, {""name"": ""organizations"", ""value"": ""Lockheed Martin Corporation"", ""rank"": 4, ""major"": ""N""}, {""name"": ""subject"", ""value"": ""Defense and Military Forces"", ""rank"": 5, ""major"": ""N""}, {""name"": ""glocations"", ""value"": ""Singapore"", ""rank"": 6, ""major"": ""N""}, {""name"": ""subject"", ""value"": ""Defense Contracts"", ""rank"": 7, ""major"": ""N""}], ""pub_date"": ""2014-02-16T09:34:18+0000"", ""document_type"": ""article"", ""news_desk"": ""Business"", ""section_name"": ""Business Day"", ""subsection_name"": ""International Business"", ""byline"": {""original"": ""By Joe Cochrane"", ""person"": [{""firstname"": ""Joe"", ""middlename"": null, ""lastname"": ""Cochrane"", ""qualifier"": null, ""title"": null, ""role"": ""reported"", ""organization"": """", ""rank"": 1}], ""organization"": null}, ""type_of_material"": ""News"", ""_id"": ""nyt://article/9217021a-2c8a-5d42-8901-322a88b624a0"", ""word_count"": 888, ""uri"": ""nyt://article/9217021a-2c8a-5d42-8901-322a88b624a0""}"
2014-04-23,"{""abstract"": ""The country will buy 58 more F-35 fighter jets for $11.6 billion, in a deal the prime minister called one of Australia\u2019s largest military purchases."", ""web_url"": ""https://www.nytimes.com/2014/04/24/business/international/australia-to-bolster-air-force-with-more-lockheed-jets.html"", ""snippet"": ""The country will buy 58 more F-35 fighter jets for $11.6 billion, in a deal the prime minister called one of Australia\u2019s largest military purchases."", ""lead_paragraph"": ""SYDNEY, Australia \u2014 In a $11.6 billion deal, Australia is ordering 58 more F-35 fighter jets built by Lockheed Martin, increasing the total fleet to 72, Prime Minister Tony Abbott said Wednesday."", ""source"": ""The New York Times"", ""multimedia"": [], ""headline"": {""main"": ""Australia to Bolster Air Force With More Lockheed Jets"", ""kicker"": null, ""content_kicker"": null, ""print_headline"": ""Australia to Bolster Air Power With More Fighter Jets"", ""name"": null, ""seo"": null, ""sub"": null}, ""keywords"": [{""name"": ""organizations"", ""value"": ""Lockheed Martin Corporation"", ""rank"": 1, ""major"": ""N""}, {""name"": ""glocations"", ""value"": ""Australia"", ""rank"": 2, ""major"": ""N""}, {""name"": ""subject"", ""value"": ""F-35 Airplane"", ""rank"": 3, ""major"": ""N""}, {""name"": ""subject"", ""value"": ""United States Defense and Military Forces"", ""rank"": 4, ""major"": ""N""}, {""name"": ""subject"", ""value"": ""Military Aircraft"", ""rank"": 5, ""major"": ""N""}, {""name"": ""subject"", ""value"": ""Defense and Military Forces"", ""rank"": 6, ""major"": ""N""}], ""pub_date"": ""2014-04-23T12:36:24+0000"", ""document_type"": ""article"", ""news_desk"": ""Business"", ""section_name"": ""Business Day"", ""subsection_name"": ""International Business"", ""byline"": {""original"": ""By Michelle Innis"", ""person"": [{""firstname"": ""Michelle"", ""middlename"": null, ""lastname"": ""Innis"", ""qualifier"": null, ""title"": null, ""role"": ""reported"", ""organization"": """", ""rank"": 1}], ""organization"": null}, ""type_of_material"": ""News"", ""_id"": ""nyt://article/ab3bfe94-773d-5275-b5da-f7a9c74fa9da"", ""word_count"": 369, ""uri"": ""nyt://article/ab3bfe94-773d-5275-b5da-f7a9c74fa9da""}"
2014-05-08,"{""abstract"": ""Sikorsky Aircraft and Lockheed Martin won a $1.24 billion contract on Wednesday to begin building a new presidential helicopter."", ""web_url"": ""https://www.nytimes.com/2014/05/08/business/sikorsky-and-lockheed-to-build-new-presidential-helicopter.html"", ""snippet"": ""Sikorsky Aircraft and Lockheed Martin won a $1.24 billion contract on Wednesday to begin building a new presidential helicopter."", ""lead_paragraph"": ""Sikorsky Aircraft and Lockheed Martin won a $1.24 billion contract on Wednesday to begin building a new presidential helicopter. The companies were the only bidders in the latest phase of a decadelong effort to begin replacing the aging, white-topped helicopters that alight from the White House lawn. An earlier program run by Lockheed Martin and AgustaWestland of Italy collapsed in 2009 because of technical difficulties and billions of dollars in cost overruns, with President Obama complaining that it was \u201can example of the procurement process gone amok.\u201d Industry officials said that AgustaWestland, Boeing and Bell Helicopter did not bid this time because they believed that the specifications favored a version of Sikorsky\u2019s S-92 helicopter, which is smaller than most of its rivals. The new contract will cover the development of six aircraft. The Navy, which runs the program, is likely to eventually buy 21 helicopters. Sikorsky, which built the current presidential helicopters, is a unit of United Technologies. It will assemble the new aircraft in Stratford, Conn. Lockheed will install the mission systems in Owego, N.Y. "", ""print_section"": ""B"", ""print_page"": ""2"", ""source"": ""The New York Times"", ""multimedia"": [], ""headline"": {""main"": ""Sikorsky and Lockheed to Build New Presidential Helicopter"", ""kicker"": ""Business Briefing"", ""content_kicker"": null, ""print_headline"": ""Sikorsky and Lockheed to Build New Presidential Helicopter"", ""name"": null, ""seo"": null, ""sub"": null}, ""keywords"": [{""name"": ""subject"", ""value"": ""Marine One (Helicopter)"", ""rank"": 1, ""major"": ""N""}, {""name"": ""persons"", ""value"": ""Drew, Christopher"", ""rank"": 2, ""major"": ""N""}, {""name"": ""subject"", ""value"": ""Helicopters"", ""rank"": 3, ""major"": ""N""}, {""name"": ""persons"", ""value"": ""Obama, Barack"", ""rank"": 4, ""major"": ""N""}, {""name"": ""persons"", ""value"": ""Helicopter, Bell"", ""rank"": 5, ""major"": ""N""}, {""name"": ""organizations"", ""value"": ""Sikorsky Aircraft Corp"", ""rank"": 6, ""major"": ""N""}, {""name"": ""organizations"", ""value"": ""Lockheed Martin Corporation"", ""rank"": 7, ""major"": ""N""}], ""pub_date"": ""2014-05-08T02:50:07+0000"", ""document_type"": ""article"", ""news_desk"": ""Business"", ""section_name"": ""Business Day"", ""byline"": {""original"": ""By Christopher Drew"", ""person"": [{""firstname"": ""Christopher"", ""middlename"": null, ""lastname"": ""Drew"", ""qualifier"": null, ""title"": null, ""role"": ""reported"", ""organization"": """", ""rank"": 1}], ""organization"": null}, ""type_of_material"": ""Brief"", ""_id"": ""nyt://article/5f4ed745-6e00-5b3d-a72e-785240d0590c"", ""word_count"": 176, ""uri"": ""nyt://article/5f4ed745-6e00-5b3d-a72e-785240d0590c""}"
2014-06-07,"{""abstract"": ""Women have a much harder time becoming a chief executive and hold well under 10 percent of such jobs, but those who do earn the same as men."", ""web_url"": ""https://www.nytimes.com/2014/06/08/business/riches-come-to-women-as-ceos-but-few-get-there.html"", ""snippet"": ""Women have a much harder time becoming a chief executive and hold well under 10 percent of such jobs, but those who do earn the same as men."", ""lead_paragraph"": ""If you were Marissa Mayer of Yahoo, making nearly $25 million for one year\u2019s worth of work \u2014 not to mention getting $50,000 in company-paid personal security \u2014 the gender pay gap would probably not be a major concern. Women scaling the heights of corporate America tend to have compensation packages that are as jaw-droppingly gigantic as men at a similar level."", ""print_section"": ""BU"", ""print_page"": ""1"", ""source"": ""The New York Times"", ""multimedia"": [{""rank"": 0, ""subtype"": ""xlarge"", ""caption"": null, ""credit"": null, ""type"": ""image"", ""url"": ""images/2014/06/08/business/08-GENDER-JP-1/08-GENDER-JP-1-articleLarge-v2.jpg"", ""height"": 398, ""width"": 600, ""subType"": ""xlarge"", ""crop_name"": ""articleLarge"", ""legacy"": {""xlarge"": ""images/2014/06/08/business/08-GENDER-JP-1/08-GENDER-JP-1-articleLarge-v2.jpg"", ""xlargewidth"": 600, ""xlargeheight"": 398}}, {""rank"": 0, ""subtype"": ""jumbo"", ""caption"": null, ""credit"": null, ""type"": ""image"", ""url"": ""images/2014/06/08/business/08-GENDER-JP-1/08-GENDER-JP-1-jumbo-v2.jpg"", ""height"": 679, ""width"": 1024, ""subType"": ""jumbo"", ""crop_name"": ""jumbo"", ""legacy"": {}}, {""rank"": 0, ""subtype"": ""superJumbo"", ""caption"": null, ""credit"": null, ""type"": ""image"", ""url"": ""images/2014/06/08/business/08-GENDER-JP-1/08-GENDER-JP-1-superJumbo-v2.jpg"", ""height"": 1358, ""width"": 2048, ""subType"": ""superJumbo"", ""crop_name"": ""superJumbo"", ""legacy"": {}}, {""rank"": 0, ""subtype"": ""thumbnail"", ""caption"": null, ""credit"": null, ""type"": ""image"", ""url"": ""images/2014/06/08/business/08-GENDER-JP-1/08-GENDER-JP-1-thumbStandard-v2.jpg"", ""height"": 75, ""width"": 75, ""subType"": ""thumbnail"", ""crop_name"": ""thumbStandard"", ""legacy"": {""thumbnail"": ""images/2014/06/08/business/08-GENDER-JP-1/08-GENDER-JP-1-thumbStandard-v2.jpg"", ""thumbnailwidth"": 75, ""thumbnailheight"": 75}}, {""rank"": 0, ""subtype"": ""thumbLarge"", ""caption"": null, ""credit"": null, ""type"": ""image"", ""url"": ""images/2014/06/08/business/08-GENDER-JP-1/08-GENDER-JP-1-thumbLarge-v2.jpg"", ""height"": 150, ""width"": 150, ""subType"": ""thumbLarge"", ""crop_name"": ""thumbLarge"", ""legacy"": {}}], ""headline"": {""main"": ""An Elusive Jackpot"", ""kicker"": null, ""content_kicker"": null, ""print_headline"": ""An Elusive Jackpot"", ""name"": null, ""seo"": null, ""sub"": null}, ""keywords"": [{""name"": ""persons"", ""value"": ""Miller, Claire Cain"", ""rank"": 1, ""major"": ""N""}, {""name"": ""subject"", ""value"": ""Executive Compensation"", ""rank"": 2, ""major"": ""N""}, {""name"": ""subject"", ""value"": ""Women and Girls"", ""rank"": 3, ""major"": ""N""}, {""name"": ""subject"", ""value"": ""Discrimination"", ""rank"": 4, ""major"": ""N""}, {""name"": ""subject"", ""value"": ""Work-Life Balance"", ""rank"": 5, ""major"": ""N""}, {""name"": ""organizations"", ""value"": ""Equilar"", ""rank"": 6, ""major"": ""N""}, {""name"": ""persons"", ""value"": ""Whitman, Margaret C"", ""rank"": 7, ""major"": ""N""}, {""name"": ""persons"", ""value"": ""Rosenfeld, Irene B"", ""rank"": 8, ""major"": ""N""}, {""name"": ""persons"", ""value"": ""Mayer, Marissa"", ""rank"": 9, ""major"": ""N""}, {""name"": ""persons"", ""value"": ""Rometty, Virginia M"", ""rank"": 10, ""major"": ""N""}, {""name"": ""persons"", ""value"": ""Nooyi, Indra K"", ""rank"": 11, ""major"": ""N""}, {""name"": ""organizations"", ""value"": ""Pepsico Inc"", ""rank"": 12, ""major"": ""N""}, {""name"": ""organizations"", ""value"": ""General Dynamics Corporation"", ""rank"": 13, ""major"": ""N""}, {""name"": ""organizations"", ""value"": ""Lockheed Martin Corporation"", ""rank"": 14, ""major"": ""N""}, {""name"": ""organizations"", ""value"": ""International Business Machines Corporation"", ""rank"": 15, ""major"": ""N""}, {""name"": ""organizations"", ""value"": ""DuPont Co"", ""rank"": 16, ""major"": ""N""}, {""name"": ""organizations"", ""value"": ""Yahoo! Inc"", ""rank"": 17, ""major"": ""N""}, {""name"": ""organizations"", ""value"": ""TJX Companies Inc"", ""rank"": 18, ""major"": ""N""}, {""name"": ""organizations"", ""value"": ""HSN Inc"", ""rank"": 19, ""major"": ""N""}, {""name"": ""organizations"", ""value"": ""Mondelez International"", ""rank"": 20, ""major"": ""N""}, {""name"": ""organizations"", ""value"": ""Hewlett-Packard Company"", ""rank"": 21, ""major"": ""N""}, {""name"": ""organizations"", ""value"": ""General Motors"", ""rank"": 22, ""major"": ""N""}, {""name"": ""persons"", ""value"": ""Barra, Mary T"", ""rank"": 23, ""major"": ""N""}, {""name"": ""organizations"", ""value"": ""New York Times"", ""rank"": 24, ""major"": ""N""}, {""name"": ""persons"", ""value"": ""ABRAMSON, JILL"", ""rank"": 25, ""major"": ""N""}, {""name"": ""persons"", ""value"": ""Meyrowitz, Carol M"", ""rank"": 26, ""major"": ""N""}, {""name"": ""persons"", ""value"": ""Rothblatt, Martine A"", ""rank"": 27, ""major"": ""N""}, {""name"": ""persons"", ""value"": ""Hewson, Marillyn A"", ""rank"": 28, ""major"": ""N""}, {""name"": ""persons"", ""value"": ""Novakovic, Phebe"", ""rank"": 29, ""major"": ""N""}, {""name"": ""organizations"", ""value"": ""United Therapeutics Corporation"", ""rank"": 30, ""major"": ""N""}], ""pub_date"": ""2014-06-07T20:40:51+0000"", ""document_type"": ""article"", ""news_desk"": ""SundayBusiness"", ""section_name"": ""Business Day"", ""byline"": {""original"": ""By Claire Cain Miller"", ""person"": [{""firstname"": ""Claire"", ""middlename"": ""Cain"", ""lastname"": ""Miller"", ""qualifier"": null, ""title"": null, ""role"": ""reported"", ""organization"": """", ""rank"": 1}], ""organization"": null}, ""type_of_material"": ""News"", ""_id"": ""nyt://article/175c40fa-ebcf-5326-b513-2be9f3545080"", ""word_count"": 2555, ""uri"": ""nyt://article/175c40fa-ebcf-5326-b513-2be9f3545080""}"
2014-06-19,"{""abstract"": ""Senators propose raising the federal gas and diesel tax for the first time since 1993; Acura will support the Tiger Woods Foundation."", ""web_url"": ""https://www.nytimes.com/2014/06/20/automobiles/wheelies-the-price-of-fuel-edition.html"", ""snippet"": ""Senators propose raising the federal gas and diesel tax for the first time since 1993; Acura will support the Tiger Woods Foundation."", ""lead_paragraph"": ""A roundup of motoring news from the web:"", ""source"": ""The New York Times"", ""multimedia"": [{""rank"": 0, ""subtype"": ""xlarge"", ""caption"": null, ""credit"": null, ""type"": ""image"", ""url"": ""images/2014/06/20/automobiles/20WHEELIES-image/20WHEELIES-image-articleLarge.jpg"", ""height"": 400, ""width"": 600, ""subType"": ""xlarge"", ""crop_name"": ""articleLarge"", ""legacy"": {""xlarge"": ""images/2014/06/20/automobiles/20WHEELIES-image/20WHEELIES-image-articleLarge.jpg"", ""xlargewidth"": 600, ""xlargeheight"": 400}}, {""rank"": 0, ""subtype"": ""jumbo"", ""caption"": null, ""credit"": null, ""type"": ""image"", ""url"": ""images/2014/06/20/automobiles/20WHEELIES-image/20WHEELIES-image-jumbo.jpg"", ""height"": 683, ""width"": 1024, ""subType"": ""jumbo"", ""crop_name"": ""jumbo"", ""legacy"": {}}, {""rank"": 0, ""subtype"": ""superJumbo"", ""caption"": null, ""credit"": null, ""type"": ""image"", ""url"": ""images/2014/06/20/automobiles/20WHEELIES-image/20WHEELIES-image-superJumbo.jpg"", ""height"": 1067, ""width"": 1600, ""subType"": ""superJumbo"", ""crop_name"": ""superJumbo"", ""legacy"": {}}, {""rank"": 0, ""subtype"": ""thumbnail"", ""caption"": null, ""credit"": null, ""type"": ""image"", ""url"": ""images/2014/06/20/automobiles/20WHEELIES-image/20WHEELIES-image-thumbStandard-v2.jpg"", ""height"": 75, ""width"": 75, ""subType"": ""thumbnail"", ""crop_name"": ""thumbStandard"", ""legacy"": {""thumbnail"": ""images/2014/06/20/automobiles/20WHEELIES-image/20WHEELIES-image-thumbStandard-v2.jpg"", ""thumbnailwidth"": 75, ""thumbnailheight"": 75}}, {""rank"": 0, ""subtype"": ""thumbLarge"", ""caption"": null, ""credit"": null, ""type"": ""image"", ""url"": ""images/2014/06/20/automobiles/20WHEELIES-image/20WHEELIES-image-thumbLarge-v2.jpg"", ""height"": 150, ""width"": 150, ""subType"": ""thumbLarge"", ""crop_name"": ""thumbLarge"", ""legacy"": {}}], ""headline"": {""main"": ""Wheelies: The Price of Fuel Edition"", ""kicker"": null, ""content_kicker"": null, ""print_headline"": """", ""name"": null, ""seo"": null, ""sub"": null}, ""keywords"": [{""name"": ""subject"", ""value"": ""Automobiles"", ""rank"": 1, ""major"": ""N""}, {""name"": ""subject"", ""value"": ""Federal Taxes (US)"", ""rank"": 2, ""major"": ""N""}, {""name"": ""subject"", ""value"": ""United States Defense and Military Forces"", ""rank"": 3, ""major"": ""N""}, {""name"": ""organizations"", ""value"": ""ACURA DIVISION OF HONDA MOTOR CO"", ""rank"": 4, ""major"": ""N""}, {""name"": ""organizations"", ""value"": ""Bayerische Motorenwerke AG"", ""rank"": 5, ""major"": ""N""}, {""name"": ""organizations"", ""value"": ""Jaguar Land Rover"", ""rank"": 6, ""major"": ""N""}, {""name"": ""organizations"", ""value"": ""Chery Automobile Co"", ""rank"": 7, ""major"": ""N""}, {""name"": ""organizations"", ""value"": ""Woods, Tiger, Foundation"", ""rank"": 8, ""major"": ""N""}, {""name"": ""organizations"", ""value"": ""Cadillac Division of General Motors Corp"", ""rank"": 9, ""major"": ""N""}, {""name"": ""organizations"", ""value"": ""Lockheed Martin Corporation"", ""rank"": 10, ""major"": ""N""}, {""name"": ""persons"", ""value"": ""Corker, Robert Phillips Jr"", ""rank"": 11, ""major"": ""N""}, {""name"": ""persons"", ""value"": ""Woods, Tiger"", ""rank"": 12, ""major"": ""N""}, {""name"": ""persons"", ""value"": ""Murphy, Christopher Scott"", ""rank"": 13, ""major"": ""N""}], ""pub_date"": ""2014-06-19T19:01:31+0000"", ""document_type"": ""article"", ""news_desk"": ""Business"", ""section_name"": ""Automobiles"", ""byline"": {""original"": ""By Benjamin Preston"", ""person"": [{""firstname"": ""Benjamin"", ""middlename"": null, ""lastname"": ""Preston"", ""qualifier"": null, ""title"": null, ""role"": ""reported"", ""organization"": """", ""rank"": 1}], ""organization"": null}, ""type_of_material"": ""News"", ""_id"": ""nyt://article/85dad3d1-0b56-5ea5-8d73-20c7d414e7da"", ""word_count"": 482, ""uri"": ""nyt://article/85dad3d1-0b56-5ea5-8d73-20c7d414e7da""}"
2014-07-11,"{""abstract"": ""The Joint Strike Fighter, produced by Lockheed Martin, is expected to make its debut at the Famborough International Airshow."", ""web_url"": ""https://www.nytimes.com/2014/07/12/business/the-world-awaits-the-f-35-the-latest-in-flying-firepower.html"", ""snippet"": ""The Joint Strike Fighter, produced by Lockheed Martin, is expected to make its debut at the Famborough International Airshow."", ""lead_paragraph"": ""The business battle between Boeing and Airbus traditionally dominates the Farnborough International Airshow. But this weeklong event, which starts on Monday in Hampshire, England, is also a showcase for some of the world\u2019s most sophisticated flying weaponry, which perform dazzling displays in the hope of luring prospective government clients."", ""source"": ""The New York Times"", ""multimedia"": [], ""headline"": {""main"": ""The World Awaits the F-35, the Latest in Flying Firepower"", ""kicker"": null, ""content_kicker"": null, ""print_headline"": """", ""name"": null, ""seo"": null, ""sub"": null}, ""keywords"": [{""name"": ""organizations"", ""value"": ""Boeing Company"", ""rank"": 1, ""major"": ""N""}, {""name"": ""organizations"", ""value"": ""AIRBUS INDUSTRIE"", ""rank"": 2, ""major"": ""N""}, {""name"": ""subject"", ""value"": ""Government Contracts and Procurement"", ""rank"": 3, ""major"": ""N""}, {""name"": ""subject"", ""value"": ""Military Aircraft"", ""rank"": 4, ""major"": ""N""}, {""name"": ""glocations"", ""value"": ""Far East, South and Southeast Asia and Pacific Areas"", ""rank"": 5, ""major"": ""N""}, {""name"": ""organizations"", ""value"": ""Lockheed Martin Corporation"", ""rank"": 6, ""major"": ""N""}], ""pub_date"": ""2014-07-11T21:30:04+0000"", ""document_type"": ""article"", ""news_desk"": ""Business"", ""section_name"": ""Business Day"", ""byline"": {""original"": ""By Nicola Clark"", ""person"": [{""firstname"": ""Nicola"", ""middlename"": null, ""lastname"": ""Clark"", ""qualifier"": null, ""title"": null, ""role"": ""reported"", ""organization"": """", ""rank"": 1}], ""organization"": null}, ""type_of_material"": ""News"", ""_id"": ""nyt://article/3ab9b7d3-defb-5e0a-90ea-7584fb104ebd"", ""word_count"": 693, ""uri"": ""nyt://article/3ab9b7d3-defb-5e0a-90ea-7584fb104ebd""}"
2014-07-15,"{""abstract"": ""But the Pentagon\u2019s newest warplane will not be making its debut this week at an air show in England, as originally planned."", ""web_url"": ""https://www.nytimes.com/2014/07/16/business/international/f-35-fighter-jet-cleared-to-resume-flights.html"", ""snippet"": ""But the Pentagon\u2019s newest warplane will not be making its debut this week at an air show in England, as originally planned."", ""lead_paragraph"": ""The Pentagon on Tuesday lifted an order grounding all of its new F-35 fighter jets, but said they would operate under restrictions that would keep the plane from appearing at the Farnborough International Airshow in England this week."", ""print_section"": ""B"", ""print_page"": ""4"", ""source"": ""The New York Times"", ""multimedia"": [{""rank"": 0, ""subtype"": ""xlarge"", ""caption"": null, ""credit"": null, ""type"": ""image"", ""url"": ""images/2014/07/16/business/international/16airshow-pic/16airshow-pic-articleLarge.jpg"", ""height"": 852, ""width"": 600, ""subType"": ""xlarge"", ""crop_name"": ""articleLarge"", ""legacy"": {""xlarge"": ""images/2014/07/16/business/international/16airshow-pic/16airshow-pic-articleLarge.jpg"", ""xlargewidth"": 600, ""xlargeheight"": 852}}, {""rank"": 0, ""subtype"": ""jumbo"", ""caption"": null, ""credit"": null, ""type"": ""image"", ""url"": ""images/2014/07/16/business/international/16airshow-pic/16airshow-pic-jumbo.jpg"", ""height"": 1024, ""width"": 721, ""subType"": ""jumbo"", ""crop_name"": ""jumbo"", ""legacy"": {}}, {""rank"": 0, ""subtype"": ""superJumbo"", ""caption"": null, ""credit"": null, ""type"": ""image"", ""url"": ""images/2014/07/16/business/international/16airshow-pic/16airshow-pic-superJumbo.jpg"", ""height"": 2048, ""width"": 1442, ""subType"": ""superJumbo"", ""crop_name"": ""superJumbo"", ""legacy"": {}}, {""rank"": 0, ""subtype"": ""thumbnail"", ""caption"": null, ""credit"": null, ""type"": ""image"", ""url"": ""images/2014/07/16/business/international/16airshow-pic/16airshow-pic-thumbStandard.jpg"", ""height"": 75, ""width"": 75, ""subType"": ""thumbnail"", ""crop_name"": ""thumbStandard"", ""legacy"": {""thumbnail"": ""images/2014/07/16/business/international/16airshow-pic/16airshow-pic-thumbStandard.jpg"", ""thumbnailwidth"": 75, ""thumbnailheight"": 75}}, {""rank"": 0, ""subtype"": ""thumbLarge"", ""caption"": null, ""credit"": null, ""type"": ""image"", ""url"": ""images/2014/07/16/business/international/16airshow-pic/16airshow-pic-thumbLarge.jpg"", ""height"": 150, ""width"": 150, ""subType"": ""thumbLarge"", ""crop_name"": ""thumbLarge"", ""legacy"": {}}], ""headline"": {""main"": ""F-35 Fighter Jet Cleared to Resume Flights"", ""kicker"": null, ""content_kicker"": null, ""print_headline"": ""F-35 Fighters to Resume Flights, but Under Certain Restrictions"", ""name"": null, ""seo"": null, ""sub"": null}, ""keywords"": [{""name"": ""subject"", ""value"": ""F-35 Airplane"", ""rank"": 1, ""major"": ""N""}, {""name"": ""persons"", ""value"": ""Drew, Christopher"", ""rank"": 2, ""major"": ""N""}, {""name"": ""organizations"", ""value"": ""United States Air Force"", ""rank"": 3, ""major"": ""N""}, {""name"": ""subject"", ""value"": ""Farnborough Air Show (GB)"", ""rank"": 5, ""major"": ""N""}, {""name"": ""subject"", ""value"": ""Military Aircraft"", ""rank"": 6, ""major"": ""N""}, {""name"": ""subject"", ""value"": ""Engines"", ""rank"": 7, ""major"": ""N""}, {""name"": ""organizations"", ""value"": ""Lockheed Martin Corporation"", ""rank"": 8, ""major"": ""N""}], ""pub_date"": ""2014-07-15T14:33:32+0000"", ""document_type"": ""article"", ""news_desk"": ""Business"", ""section_name"": ""Business Day"", ""subsection_name"": ""International Business"", ""byline"": {""original"": ""By Christopher Drew and Nicola Clark"", ""person"": [{""firstname"": ""Christopher"", ""middlename"": null, ""lastname"": ""Drew"", ""qualifier"": null, ""title"": null, ""role"": ""reported"", ""organization"": """", ""rank"": 1}, {""firstname"": ""Nicola"", ""middlename"": null, ""lastname"": ""Clark"", ""qualifier"": null, ""title"": null, ""role"": ""reported"", ""organization"": """", ""rank"": 2}], ""organization"": null}, ""type_of_material"": ""News"", ""_id"": ""nyt://article/4a546012-83af-5fea-be6e-4e8c6f1e1b3c"", ""word_count"": 632, ""uri"": ""nyt://article/4a546012-83af-5fea-be6e-4e8c6f1e1b3c""}"
2014-09-17,"{""abstract"": ""Blue Origin, owned by Jeff Bezos, agreed to work with United Launch Alliance, which has sent nearly all United States spy and military satellites into space in the last decade."", ""web_url"": ""https://www.nytimes.com/2014/09/18/business/18rocket.html"", ""snippet"": ""Blue Origin, owned by Jeff Bezos, agreed to work with United Launch Alliance, which has sent nearly all United States spy and military satellites into space in the last decade."", ""lead_paragraph"": ""The space race is shaping up as a matchup of billionaires, with Jeff Bezos, the founder of Amazon, facing off against Elon Musk, the founder of SpaceX and Tesla, over the future of human spaceflight."", ""print_section"": ""B"", ""print_page"": ""2"", ""source"": ""The New York Times"", ""multimedia"": [{""rank"": 0, ""subtype"": ""xlarge"", ""caption"": null, ""credit"": null, ""type"": ""image"", ""url"": ""images/2014/09/18/business/Rocket/Rocket-articleLarge.jpg"", ""height"": 400, ""width"": 600, ""subType"": ""xlarge"", ""crop_name"": ""articleLarge"", ""legacy"": {""xlarge"": ""images/2014/09/18/business/Rocket/Rocket-articleLarge.jpg"", ""xlargewidth"": 600, ""xlargeheight"": 400}}, {""rank"": 0, ""subtype"": ""jumbo"", ""caption"": null, ""credit"": null, ""type"": ""image"", ""url"": ""images/2014/09/18/business/Rocket/Rocket-jumbo.jpg"", ""height"": 682, ""width"": 1024, ""subType"": ""jumbo"", ""crop_name"": ""jumbo"", ""legacy"": {}}, {""rank"": 0, ""subtype"": ""superJumbo"", ""caption"": null, ""credit"": null, ""type"": ""image"", ""url"": ""images/2014/09/18/business/Rocket/Rocket-superJumbo.jpg"", ""height"": 1365, ""width"": 2048, ""subType"": ""superJumbo"", ""crop_name"": ""superJumbo"", ""legacy"": {}}, {""rank"": 0, ""subtype"": ""thumbnail"", ""caption"": null, ""credit"": null, ""type"": ""image"", ""url"": ""images/2014/09/18/business/Rocket/Rocket-thumbStandard.jpg"", ""height"": 75, ""width"": 75, ""subType"": ""thumbnail"", ""crop_name"": ""thumbStandard"", ""legacy"": {""thumbnail"": ""images/2014/09/18/business/Rocket/Rocket-thumbStandard.jpg"", ""thumbnailwidth"": 75, ""thumbnailheight"": 75}}, {""rank"": 0, ""subtype"": ""thumbLarge"", ""caption"": null, ""credit"": null, ""type"": ""image"", ""url"": ""images/2014/09/18/business/Rocket/Rocket-thumbLarge.jpg"", ""height"": 150, ""width"": 150, ""subType"": ""thumbLarge"", ""crop_name"": ""thumbLarge"", ""legacy"": {}}], ""headline"": {""main"": ""A Bezos Company Will Make Engines for Rockets"", ""kicker"": null, ""content_kicker"": null, ""print_headline"": ""A Bezos Company Will Make Engines for Rockets"", ""name"": null, ""seo"": null, ""sub"": null}, ""keywords"": [{""name"": ""organizations"", ""value"": ""Blue Origin"", ""rank"": 1, ""major"": ""N""}, {""name"": ""organizations"", ""value"": ""Boeing Company"", ""rank"": 2, ""major"": ""N""}, {""name"": ""organizations"", ""value"": ""Lockheed Martin Corporation"", ""rank"": 3, ""major"": ""N""}, {""name"": ""subject"", ""value"": ""Rocket Science and Propulsion"", ""rank"": 4, ""major"": ""N""}, {""name"": ""subject"", ""value"": ""Private Spaceflight"", ""rank"": 5, ""major"": ""N""}, {""name"": ""subject"", ""value"": ""Space and Astronomy"", ""rank"": 6, ""major"": ""N""}, {""name"": ""persons"", ""value"": ""Bezos, Jeffrey P"", ""rank"": 7, ""major"": ""N""}], ""pub_date"": ""2014-09-17T22:23:56+0000"", ""document_type"": ""article"", ""news_desk"": ""Business"", ""section_name"": ""Business Day"", ""byline"": {""original"": ""By Jad Mouawad"", ""person"": [{""firstname"": ""Jad"", ""middlename"": null, ""lastname"": ""Mouawad"", ""qualifier"": null, ""title"": null, ""role"": ""reported"", ""organization"": """", ""rank"": 1}], ""organization"": null}, ""type_of_material"": ""News"", ""_id"": ""nyt://article/d0b94cda-f521-58cb-afa4-267f5dd20077"", ""word_count"": 535, ""uri"": ""nyt://article/d0b94cda-f521-58cb-afa4-267f5dd20077""}"
2014-09-18,"{""abstract"": ""Blue Origin, a private space company owned by Jeff Bezos, said that it had agreed to work with a joint venture run by Boeing and Lockheed Martin to build new engines for their Atlas 5 rockets."", ""web_url"": ""https://bits.blogs.nytimes.com/2014/09/18/daily-report-space-race-between-billionaires-heats-up-as-bezos-venture-seeks-foothold/"", ""snippet"": ""Blue Origin, a private space company owned by Jeff Bezos, said that it had agreed to work with a joint venture run by Boeing and Lockheed Martin to build new engines for their Atlas 5 rockets."", ""lead_paragraph"": ""The space race is shaping up as a matchup of billionaires, with Jeff Bezos, the founder of Amazon, facing off against Elon Musk, the founder of SpaceX and Tesla, over the future of human spaceflight, Jad Mouawad reports."", ""source"": ""The New York Times"", ""multimedia"": [{""rank"": 0, ""subtype"": ""xlarge"", ""caption"": null, ""credit"": null, ""type"": ""image"", ""url"": ""images/2011/11/30/technology/bits-daily-report/bits-daily-report-articleLarge-v4.png"", ""height"": 400, ""width"": 600, ""subType"": ""xlarge"", ""crop_name"": ""articleLarge"", ""legacy"": {""xlarge"": ""images/2011/11/30/technology/bits-daily-report/bits-daily-report-articleLarge-v4.png"", ""xlargewidth"": 600, ""xlargeheight"": 400}}, {""rank"": 0, ""subtype"": ""jumbo"", ""caption"": null, ""credit"": null, ""type"": ""image"", ""url"": ""images/2011/11/30/technology/bits-daily-report/bits-daily-report-jumbo-v6.jpg"", ""height"": 400, ""width"": 600, ""subType"": ""jumbo"", ""crop_name"": ""jumbo"", ""legacy"": {}}, {""rank"": 0, ""subtype"": ""superJumbo"", ""caption"": null, ""credit"": null, ""type"": ""image"", ""url"": ""images/2011/11/30/technology/bits-daily-report/bits-daily-report-superJumbo-v3.png"", ""height"": 400, ""width"": 600, ""subType"": ""superJumbo"", ""crop_name"": ""superJumbo"", ""legacy"": {}}, {""rank"": 0, ""subtype"": ""thumbnail"", ""caption"": null, ""credit"": null, ""type"": ""image"", ""url"": ""images/2011/11/30/technology/bits-daily-report/bits-daily-report-thumbStandard-v5.png"", ""height"": 75, ""width"": 75, ""subType"": ""thumbnail"", ""crop_name"": ""thumbStandard"", ""legacy"": {""thumbnail"": ""images/2011/11/30/technology/bits-daily-report/bits-daily-report-thumbStandard-v5.png"", ""thumbnailwidth"": 75, ""thumbnailheight"": 75}}, {""rank"": 0, ""subtype"": ""thumbLarge"", ""caption"": null, ""credit"": null, ""type"": ""image"", ""url"": ""images/2011/11/30/technology/bits-daily-report/bits-daily-report-thumbLarge-v5.png"", ""height"": 150, ""width"": 150, ""subType"": ""thumbLarge"", ""crop_name"": ""thumbLarge"", ""legacy"": {}}], ""headline"": {""main"": ""Daily Report: Space Race Between Billionaires Heats Up as Bezos Venture Seeks Foothold"", ""kicker"": ""Bits"", ""content_kicker"": null, ""print_headline"": """", ""name"": null, ""seo"": null, ""sub"": null}, ""keywords"": [{""name"": ""persons"", ""value"": ""Bezos, Jeffrey P"", ""rank"": 1, ""major"": ""N""}, {""name"": ""persons"", ""value"": ""Musk, Elon"", ""rank"": 2, ""major"": ""N""}, {""name"": ""organizations"", ""value"": ""National Aeronautics and Space Administration"", ""rank"": 3, ""major"": ""N""}, {""name"": ""organizations"", ""value"": ""Tesla Motors Inc"", ""rank"": 4, ""major"": ""N""}], ""pub_date"": ""2014-09-18T10:35:36+0000"", ""document_type"": ""article"", ""news_desk"": ""Business"", ""section_name"": ""Technology"", ""byline"": {""original"": ""By The New York Times"", ""person"": [], ""organization"": ""The New York Times""}, ""type_of_material"": ""News"", ""_id"": ""nyt://article/72e287cf-6f39-53a0-914c-10c3f59ca437"", ""word_count"": 215, ""uri"": ""nyt://article/72e287cf-6f39-53a0-914c-10c3f59ca437""}"
2014-09-24,"{""abstract"": ""The deal includes technology transfers that will help the country build advanced combat aircraft of its own."", ""web_url"": ""https://www.nytimes.com/2014/09/25/business/south-korea-to-buy-40-lockheed-fighter-jets.html"", ""snippet"": ""The deal includes technology transfers that will help the country build advanced combat aircraft of its own."", ""lead_paragraph"": ""SEOUL, South Korea \u2014 South Korea formally announced on Wednesday that it would buy 40 F-35A fighter jets from the American defense contractor Lockheed Martin in a deal that includes transfers of technology for the development of the country\u2019s own advanced fighter jet."", ""source"": ""The New York Times"", ""multimedia"": [], ""headline"": {""main"": ""South Korea Formally Announces Intent to Buy 40 Lockheed Fighter Jets"", ""kicker"": null, ""content_kicker"": null, ""print_headline"": """", ""name"": null, ""seo"": null, ""sub"": null}, ""keywords"": [{""name"": ""organizations"", ""value"": ""Lockheed Martin Corporation"", ""rank"": 1, ""major"": ""N""}, {""name"": ""glocations"", ""value"": ""South Korea"", ""rank"": 2, ""major"": ""N""}, {""name"": ""subject"", ""value"": ""F-35 Airplane"", ""rank"": 3, ""major"": ""N""}, {""name"": ""subject"", ""value"": ""Military Aircraft"", ""rank"": 4, ""major"": ""N""}], ""pub_date"": ""2014-09-24T14:11:07+0000"", ""document_type"": ""article"", ""news_desk"": ""Business"", ""section_name"": ""Business Day"", ""byline"": {""original"": ""By Choe Sang-Hun"", ""person"": [{""firstname"": ""Choe"", ""middlename"": null, ""lastname"": ""Sang-Hun"", ""qualifier"": null, ""title"": null, ""role"": ""reported"", ""organization"": """", ""rank"": 1}], ""organization"": null}, ""type_of_material"": ""News"", ""_id"": ""nyt://article/b9f6ffcc-563d-5ed0-b923-1c4fc111c333"", ""word_count"": 489, ""uri"": ""nyt://article/b9f6ffcc-563d-5ed0-b923-1c4fc111c333""}"
2015-03-30,"{""abstract"": ""Korea Aerospace Industries has been selected for the $7.7 billion project and will receive technological help from Lockheed Martin."", ""web_url"": ""https://www.nytimes.com/2015/03/31/business/international/south-korea-picks-lockheed-martin-and-korea-aerospace-industries-for-fighter-program.html"", ""snippet"": ""Korea Aerospace Industries has been selected for the $7.7 billion project and will receive technological help from Lockheed Martin."", ""lead_paragraph"": ""SEOUL \u2014 The South Korean military preliminarily selected Korea Aerospace Industries on Monday as a partner in its $7.7 billion project to develop its own advanced jet fighter with technological help from the American military contractor Lockheed Martin."", ""source"": ""The New York Times"", ""multimedia"": [{""rank"": 0, ""subtype"": ""xlarge"", ""caption"": null, ""credit"": null, ""type"": ""image"", ""url"": ""images/2015/03/31/business/31fighter/31fighter-articleLarge.jpg"", ""height"": 310, ""width"": 600, ""subType"": ""xlarge"", ""crop_name"": ""articleLarge"", ""legacy"": {""xlarge"": ""images/2015/03/31/business/31fighter/31fighter-articleLarge.jpg"", ""xlargewidth"": 600, ""xlargeheight"": 310}}, {""rank"": 0, ""subtype"": ""jumbo"", ""caption"": null, ""credit"": null, ""type"": ""image"", ""url"": ""images/2015/03/31/business/31fighter/31fighter-jumbo.jpg"", ""height"": 529, ""width"": 1024, ""subType"": ""jumbo"", ""crop_name"": ""jumbo"", ""legacy"": {}}, {""rank"": 0, ""subtype"": ""superJumbo"", ""caption"": null, ""credit"": null, ""type"": ""image"", ""url"": ""images/2015/03/31/business/31fighter/31fighter-superJumbo.jpg"", ""height"": 1059, ""width"": 2048, ""subType"": ""superJumbo"", ""crop_name"": ""superJumbo"", ""legacy"": {}}, {""rank"": 0, ""subtype"": ""thumbnail"", ""caption"": null, ""credit"": null, ""type"": ""image"", ""url"": ""images/2015/03/31/business/31fighter/31fighter-thumbStandard.jpg"", ""height"": 75, ""width"": 75, ""subType"": ""thumbnail"", ""crop_name"": ""thumbStandard"", ""legacy"": {""thumbnail"": ""images/2015/03/31/business/31fighter/31fighter-thumbStandard.jpg"", ""thumbnailwidth"": 75, ""thumbnailheight"": 75}}, {""rank"": 0, ""subtype"": ""thumbLarge"", ""caption"": null, ""credit"": null, ""type"": ""image"", ""url"": ""images/2015/03/31/business/31fighter/31fighter-thumbLarge.jpg"", ""height"": 150, ""width"": 150, ""subType"": ""thumbLarge"", ""crop_name"": ""thumbLarge"", ""legacy"": {}}], ""headline"": {""main"": ""South Korea Picks Contractor to Develop New Jet Fighter"", ""kicker"": null, ""content_kicker"": null, ""print_headline"": """", ""name"": null, ""seo"": null, ""sub"": null}, ""keywords"": [{""name"": ""subject"", ""value"": ""Defense and Military Forces"", ""rank"": 1, ""major"": ""N""}, {""name"": ""glocations"", ""value"": ""South Korea"", ""rank"": 2, ""major"": ""N""}, {""name"": ""subject"", ""value"": ""Defense Contracts"", ""rank"": 3, ""major"": ""N""}, {""name"": ""organizations"", ""value"": ""Lockheed Martin Corporation"", ""rank"": 4, ""major"": ""N""}, {""name"": ""organizations"", ""value"": ""Raytheon Company"", ""rank"": 5, ""major"": ""N""}], ""pub_date"": ""2015-03-30T09:23:58+0000"", ""document_type"": ""article"", ""news_desk"": ""Business"", ""section_name"": ""Business Day"", ""subsection_name"": ""International Business"", ""byline"": {""original"": ""By Choe Sang-Hun"", ""person"": [{""firstname"": ""Choe"", ""middlename"": null, ""lastname"": ""Sang-Hun"", ""qualifier"": null, ""title"": null, ""role"": ""reported"", ""organization"": """", ""rank"": 1}], ""organization"": null}, ""type_of_material"": ""News"", ""_id"": ""nyt://article/ec6aaf1e-d6a1-5fa3-b2e3-7b61a33e53fb"", ""word_count"": 620, ""uri"": ""nyt://article/ec6aaf1e-d6a1-5fa3-b2e3-7b61a33e53fb""}"
2015-07-20,"{""abstract"": ""The deal would further bolster Lockheed\u2019s status as the world\u2019s biggest military contractor, giving it another major business line."", ""web_url"": ""https://www.nytimes.com/2015/07/21/business/dealbook/lockheed-martin-to-buy-sikorsky-aircraft-for-9-billion.html"", ""snippet"": ""The deal would further bolster Lockheed\u2019s status as the world\u2019s biggest military contractor, giving it another major business line."", ""lead_paragraph"": ""Lockheed Martin\u2018s $9 billion purchase of Sikorsky Aircraft, the helicopter manufacturer, is part of a larger effort at Lockheed to focus more intently on military hardware than on less profitable government services."", ""print_section"": ""B"", ""print_page"": ""4"", ""source"": ""The New York Times"", ""multimedia"": [{""rank"": 0, ""subtype"": ""xlarge"", ""caption"": null, ""credit"": null, ""type"": ""image"", ""url"": ""images/2015/07/21/business/db-sikorsky-web1/db-sikorsky-web1-articleLarge.jpg"", ""height"": 358, ""width"": 600, ""subType"": ""xlarge"", ""crop_name"": ""articleLarge"", ""legacy"": {""xlarge"": ""images/2015/07/21/business/db-sikorsky-web1/db-sikorsky-web1-articleLarge.jpg"", ""xlargewidth"": 600, ""xlargeheight"": 358}}, {""rank"": 0, ""subtype"": ""jumbo"", ""caption"": null, ""credit"": null, ""type"": ""image"", ""url"": ""images/2015/07/21/business/db-sikorsky-web1/db-sikorsky-web1-jumbo.jpg"", ""height"": 612, ""width"": 1024, ""subType"": ""jumbo"", ""crop_name"": ""jumbo"", ""legacy"": {}}, {""rank"": 0, ""subtype"": ""superJumbo"", ""caption"": null, ""credit"": null, ""type"": ""image"", ""url"": ""images/2015/07/21/business/db-sikorsky-web1/db-sikorsky-web1-superJumbo.jpg"", ""height"": 1140, ""width"": 1908, ""subType"": ""superJumbo"", ""crop_name"": ""superJumbo"", ""legacy"": {}}, {""rank"": 0, ""subtype"": ""thumbnail"", ""caption"": null, ""credit"": null, ""type"": ""image"", ""url"": ""images/2015/07/21/business/db-sikorsky-web1/db-sikorsky-web1-thumbStandard.jpg"", ""height"": 75, ""width"": 75, ""subType"": ""thumbnail"", ""crop_name"": ""thumbStandard"", ""legacy"": {""thumbnail"": ""images/2015/07/21/business/db-sikorsky-web1/db-sikorsky-web1-thumbStandard.jpg"", ""thumbnailwidth"": 75, ""thumbnailheight"": 75}}, {""rank"": 0, ""subtype"": ""thumbLarge"", ""caption"": null, ""credit"": null, ""type"": ""image"", ""url"": ""images/2015/07/21/business/db-sikorsky-web1/db-sikorsky-web1-thumbLarge.jpg"", ""height"": 150, ""width"": 150, ""subType"": ""thumbLarge"", ""crop_name"": ""thumbLarge"", ""legacy"": {}}], ""headline"": {""main"": ""Lockheed Martin to Buy Sikorsky Aircraft for $9 Billion"", ""kicker"": null, ""content_kicker"": null, ""print_headline"": ""New Deal Affirms Lockheed&#8217;s Broad Military Ambitions "", ""name"": null, ""seo"": null, ""sub"": null}, ""keywords"": [{""name"": ""persons"", ""value"": ""Drew, Christopher"", ""rank"": 1, ""major"": ""N""}, {""name"": ""organizations"", ""value"": ""Lockheed Martin Corporation"", ""rank"": 2, ""major"": ""N""}, {""name"": ""persons"", ""value"": ""Bray, Chad"", ""rank"": 3, ""major"": ""N""}, {""name"": ""organizations"", ""value"": ""Sikorsky Aircraft Corp"", ""rank"": 4, ""major"": ""N""}, {""name"": ""subject"", ""value"": ""Mergers, Acquisitions and Divestitures"", ""rank"": 5, ""major"": ""N""}, {""name"": ""organizations"", ""value"": ""United Technologies Corporation"", ""rank"": 6, ""major"": ""N""}, {""name"": ""subject"", ""value"": ""Helicopters"", ""rank"": 7, ""major"": ""N""}, {""name"": ""subject"", ""value"": ""Marine One (Helicopter)"", ""rank"": 8, ""major"": ""N""}, {""name"": ""subject"", ""value"": ""F-35 Airplane"", ""rank"": 9, ""major"": ""N""}, {""name"": ""subject"", ""value"": ""Military Aircraft"", ""rank"": 10, ""major"": ""N""}, {""name"": ""organizations"", ""value"": ""Pratt & Whitney"", ""rank"": 11, ""major"": ""N""}, {""name"": ""organizations"", ""value"": ""Defense Department"", ""rank"": 12, ""major"": ""N""}, {""name"": ""persons"", ""value"": ""Hewson, Marillyn A"", ""rank"": 13, ""major"": ""N""}, {""name"": ""glocations"", ""value"": ""Connecticut"", ""rank"": 14, ""major"": ""N""}, {""name"": ""glocations"", ""value"": ""Maryland"", ""rank"": 15, ""major"": ""N""}], ""pub_date"": ""2015-07-20T12:08:38+0000"", ""document_type"": ""article"", ""news_desk"": ""Business"", ""section_name"": ""Business Day"", ""subsection_name"": ""DealBook"", ""byline"": {""original"": ""By Christopher Drew and Chad Bray"", ""person"": [{""firstname"": ""Christopher"", ""middlename"": null, ""lastname"": ""Drew"", ""qualifier"": null, ""title"": null, ""role"": ""reported"", ""organization"": """", ""rank"": 1}, {""firstname"": ""Chad"", ""middlename"": null, ""lastname"": ""Bray"", ""qualifier"": null, ""title"": null, ""role"": ""reported"", ""organization"": """", ""rank"": 2}], ""organization"": null}, ""type_of_material"": ""News"", ""_id"": ""nyt://article/a8f92102-0c1e-5a02-9b64-71517c0b45e8"", ""word_count"": 717, ""uri"": ""nyt://article/a8f92102-0c1e-5a02-9b64-71517c0b45e8""}"
2016-11-23,"{""abstract"": ""The country\u2019s previous administration had planned to buy 65 F-35s from Lockheed Martin, but then wavered over the price, estimated at $45.8 billion."", ""web_url"": ""https://www.nytimes.com/2016/11/23/business/international/canada-to-buy-f-18s-from-boeing-to-shore-up-its-fighter-fleet.html"", ""snippet"": ""The country\u2019s previous administration had planned to buy 65 F-35s from Lockheed Martin, but then wavered over the price, estimated at $45.8 billion."", ""lead_paragraph"": ""OTTAWA \u2014 In what may be another blow for Lockheed Martin\u2019s hopes of selling F-35 fighter jets to Canada, the government of Prime Minister Justin Trudeau said on Tuesday that it would buy 18 F-18s from Boeing as a stopgap while it spends up to five years considering a long-term replacement for its aging fighter fleet."", ""print_section"": ""B"", ""print_page"": ""6"", ""source"": ""The New York Times"", ""multimedia"": [{""rank"": 0, ""subtype"": ""xlarge"", ""caption"": null, ""credit"": null, ""type"": ""image"", ""url"": ""images/2016/11/23/business/23CANADAJETS/23CANADAJETS-articleLarge.jpg"", ""height"": 405, ""width"": 600, ""subType"": ""xlarge"", ""crop_name"": ""articleLarge"", ""legacy"": {""xlarge"": ""images/2016/11/23/business/23CANADAJETS/23CANADAJETS-articleLarge.jpg"", ""xlargewidth"": 600, ""xlargeheight"": 405}}, {""rank"": 0, ""subtype"": ""jumbo"", ""caption"": null, ""credit"": null, ""type"": ""image"", ""url"": ""images/2016/11/23/business/23CANADAJETS/23CANADAJETS-jumbo.jpg"", ""height"": 691, ""width"": 1024, ""subType"": ""jumbo"", ""crop_name"": ""jumbo"", ""legacy"": {}}, {""rank"": 0, ""subtype"": ""superJumbo"", ""caption"": null, ""credit"": null, ""type"": ""image"", ""url"": ""images/2016/11/23/business/23CANADAJETS/23CANADAJETS-superJumbo.jpg"", ""height"": 1381, ""width"": 2048, ""subType"": ""superJumbo"", ""crop_name"": ""superJumbo"", ""legacy"": {}}, {""rank"": 0, ""subtype"": ""thumbnail"", ""caption"": null, ""credit"": null, ""type"": ""image"", ""url"": ""images/2016/11/23/business/23CANADAJETS/23CANADAJETS-thumbStandard.jpg"", ""height"": 75, ""width"": 75, ""subType"": ""thumbnail"", ""crop_name"": ""thumbStandard"", ""legacy"": {""thumbnail"": ""images/2016/11/23/business/23CANADAJETS/23CANADAJETS-thumbStandard.jpg"", ""thumbnailwidth"": 75, ""thumbnailheight"": 75}}, {""rank"": 0, ""subtype"": ""thumbLarge"", ""caption"": null, ""credit"": null, ""type"": ""image"", ""url"": ""images/2016/11/23/business/23CANADAJETS/23CANADAJETS-thumbLarge.jpg"", ""height"": 150, ""width"": 150, ""subType"": ""thumbLarge"", ""crop_name"": ""thumbLarge"", ""legacy"": {}}], ""headline"": {""main"": ""Canada to Buy F-18s From Boeing to Shore Up Its Fighter Fleet"", ""kicker"": null, ""content_kicker"": null, ""print_headline"": ""Canada to Buy F-18s From Boeing to Shore Up Its Fleet"", ""name"": null, ""seo"": null, ""sub"": null}, ""keywords"": [{""name"": ""subject"", ""value"": ""Military Aircraft"", ""rank"": 1, ""major"": ""N""}, {""name"": ""persons"", ""value"": ""Austen, Ian"", ""rank"": 2, ""major"": ""N""}, {""name"": ""organizations"", ""value"": ""Lockheed Martin Corporation"", ""rank"": 3, ""major"": ""N""}, {""name"": ""organizations"", ""value"": ""Boeing Company"", ""rank"": 4, ""major"": ""N""}, {""name"": ""glocations"", ""value"": ""Canada"", ""rank"": 5, ""major"": ""N""}, {""name"": ""subject"", ""value"": ""F-35 Airplane"", ""rank"": 6, ""major"": ""N""}], ""pub_date"": ""2016-11-23T12:14:31+0000"", ""document_type"": ""article"", ""news_desk"": ""Business"", ""section_name"": ""Business Day"", ""subsection_name"": ""International Business"", ""byline"": {""original"": ""By Ian Austen"", ""person"": [{""firstname"": ""Ian"", ""middlename"": null, ""lastname"": ""Austen"", ""qualifier"": null, ""title"": null, ""role"": ""reported"", ""organization"": """", ""rank"": 1}], ""organization"": null}, ""type_of_material"": ""News"", ""_id"": ""nyt://article/d6bb0e5e-ee33-5806-a3f5-617390c27064"", ""word_count"": 664, ""uri"": ""nyt://article/d6bb0e5e-ee33-5806-a3f5-617390c27064""}"
2016-12-22,"{""abstract"": ""The president-elect said he was looking to \u201cbring costs down\u201d on the F-35 fighter jet program and Boeing\u2019s plans to build new Air Force One planes."", ""web_url"": ""https://www.nytimes.com/2016/12/21/business/donald-trump-boeing-lockheed.html"", ""snippet"": ""The president-elect said he was looking to \u201cbring costs down\u201d on the F-35 fighter jet program and Boeing\u2019s plans to build new Air Force One planes."", ""lead_paragraph"": ""After attacking Boeing and Lockheed Martin on Twitter over the costs of military contracts, President-elect Donald J. Trump met Wednesday with the chief executives of the two aerospace companies, saying his goal was to try to \u201cbring costs down.\u201d"", ""print_section"": ""A"", ""print_page"": ""18"", ""source"": ""The New York Times"", ""multimedia"": [{""rank"": 0, ""subtype"": ""thumbnail"", ""caption"": null, ""credit"": null, ""type"": ""image"", ""url"": ""images/2016/12/22/us/22trumpboeing/22trumpboeing-thumbStandard.jpg"", ""height"": 75, ""width"": 75, ""subType"": ""thumbnail"", ""crop_name"": ""thumbStandard"", ""legacy"": {""thumbnail"": ""images/2016/12/22/us/22trumpboeing/22trumpboeing-thumbStandard.jpg"", ""thumbnailwidth"": 75, ""thumbnailheight"": 75}}, {""rank"": 0, ""subtype"": ""thumbLarge"", ""caption"": null, ""credit"": null, ""type"": ""image"", ""url"": ""images/2016/12/22/us/22trumpboeing/22trumpboeing-thumbLarge.jpg"", ""height"": 150, ""width"": 150, ""subType"": ""thumbLarge"", ""crop_name"": ""thumbLarge"", ""legacy"": {}}, {""rank"": 0, ""subtype"": ""xlarge"", ""caption"": null, ""credit"": null, ""type"": ""image"", ""url"": ""images/2016/12/22/us/22trumpboeing/22trumpboeing-articleLarge.jpg"", ""height"": 379, ""width"": 600, ""subType"": ""xlarge"", ""crop_name"": ""articleLarge"", ""legacy"": {""xlarge"": ""images/2016/12/22/us/22trumpboeing/22trumpboeing-articleLarge.jpg"", ""xlargewidth"": 600, ""xlargeheight"": 379}}, {""rank"": 0, ""subtype"": ""jumbo"", ""caption"": null, ""credit"": null, ""type"": ""image"", ""url"": ""images/2016/12/22/us/22trumpboeing/22trumpboeing-jumbo.jpg"", ""height"": 646, ""width"": 1024, ""subType"": ""jumbo"", ""crop_name"": ""jumbo"", ""legacy"": {}}, {""rank"": 0, ""subtype"": ""superJumbo"", ""caption"": null, ""credit"": null, ""type"": ""image"", ""url"": ""images/2016/12/22/us/22trumpboeing/22trumpboeing-superJumbo.jpg"", ""height"": 1292, ""width"": 2048, ""subType"": ""superJumbo"", ""crop_name"": ""superJumbo"", ""legacy"": {}}], ""headline"": {""main"": ""Trump Meets Boeing and Lockheed Executives After Assailing Them on Jet Costs"", ""kicker"": null, ""content_kicker"": null, ""print_headline"": ""Trump Seeks Concessions On Military Jet Contracts"", ""name"": null, ""seo"": null, ""sub"": null}, ""keywords"": [{""name"": ""organizations"", ""value"": ""Boeing Company"", ""rank"": 1, ""major"": ""N""}, {""name"": ""organizations"", ""value"": ""Lockheed Martin Corporation"", ""rank"": 2, ""major"": ""N""}, {""name"": ""persons"", ""value"": ""Trump, Donald J"", ""rank"": 3, ""major"": ""N""}, {""name"": ""subject"", ""value"": ""Military Aircraft"", ""rank"": 4, ""major"": ""N""}], ""pub_date"": ""2016-12-22T00:49:02+0000"", ""document_type"": ""article"", ""news_desk"": ""National"", ""section_name"": ""Business Day"", ""byline"": {""original"": ""By Christopher Drew"", ""person"": [{""firstname"": ""Christopher"", ""middlename"": null, ""lastname"": ""Drew"", ""qualifier"": null, ""title"": null, ""role"": ""reported"", ""organization"": """", ""rank"": 1}], ""organization"": null}, ""type_of_material"": ""News"", ""_id"": ""nyt://article/4523762a-7576-5a83-b05b-cb16e76dd3b3"", ""word_count"": 508, ""uri"": ""nyt://article/4523762a-7576-5a83-b05b-cb16e76dd3b3""}"
2016-12-23,"{""abstract"": ""Donald J. Trump\u2019s post on Twitter suggested that Boeing\u2019s pitch may have swayed him to buy more of its F-18s over Lockheed Martin\u2019s F-35s."", ""web_url"": ""https://www.nytimes.com/2016/12/22/business/trump-boeing-lockheed-cut-costs-fighter-jets.html"", ""snippet"": ""Donald J. Trump\u2019s post on Twitter suggested that Boeing\u2019s pitch may have swayed him to buy more of its F-18s over Lockheed Martin\u2019s F-35s."", ""lead_paragraph"": ""President-elect Donald J. Trump\u2019s latest missive on military spending suggests that Boeing has perhaps swayed him more than its rival Lockheed Martin. Now, he is preparing to pit one off the other to try to decrease the cost of new fighter jets, military analysts said on Thursday."", ""print_section"": ""A"", ""print_page"": ""16"", ""source"": ""The New York Times"", ""multimedia"": [], ""headline"": {""main"": ""Trump Pits Boeing Against Lockheed to Cut Costs of New Fighter Jets"", ""kicker"": null, ""content_kicker"": null, ""print_headline"": ""More Pressure on Lockheed to Cut Price of Fighters"", ""name"": null, ""seo"": null, ""sub"": null}, ""keywords"": [{""name"": ""subject"", ""value"": ""Military Aircraft"", ""rank"": 1, ""major"": ""N""}, {""name"": ""persons"", ""value"": ""Drew, Christopher"", ""rank"": 2, ""major"": ""N""}, {""name"": ""subject"", ""value"": ""F-35 Airplane"", ""rank"": 3, ""major"": ""N""}, {""name"": ""organizations"", ""value"": ""Boeing Company"", ""rank"": 4, ""major"": ""N""}, {""name"": ""organizations"", ""value"": ""Lockheed Martin Corporation"", ""rank"": 5, ""major"": ""N""}, {""name"": ""persons"", ""value"": ""Trump, Donald J"", ""rank"": 6, ""major"": ""N""}, {""name"": ""subject"", ""value"": ""United States Politics and Government"", ""rank"": 7, ""major"": ""N""}, {""name"": ""subject"", ""value"": ""United States Defense and Military Forces"", ""rank"": 8, ""major"": ""N""}, {""name"": ""subject"", ""value"": ""Government Contracts and Procurement"", ""rank"": 9, ""major"": ""N""}], ""pub_date"": ""2016-12-23T02:00:30+0000"", ""document_type"": ""article"", ""news_desk"": ""National"", ""section_name"": ""Business Day"", ""byline"": {""original"": ""By Christopher Drew"", ""person"": [{""firstname"": ""Christopher"", ""middlename"": null, ""lastname"": ""Drew"", ""qualifier"": null, ""title"": null, ""role"": ""reported"", ""organization"": """", ""rank"": 1}], ""organization"": null}, ""type_of_material"": ""News"", ""_id"": ""nyt://article/41f1fcec-240d-503e-adcc-a88af16886e0"", ""word_count"": 418, ""uri"": ""nyt://article/41f1fcec-240d-503e-adcc-a88af16886e0""}"
2016-12-24,"{""abstract"": ""The President-elect may be pitting defense contractors against each to force down prices, but military and political realities may intervene."", ""web_url"": ""https://www.nytimes.com/2016/12/23/business/trump-lockheed-boeing-jet-costs.html"", ""snippet"": ""The President-elect may be pitting defense contractors against each to force down prices, but military and political realities may intervene."", ""lead_paragraph"": ""After meeting with Lockheed Martin\u2019s chief executive on Wednesday about lowering the cost of its new F-35 fighter jet, President-elect Donald J. Trump expressed confidence that Pentagon officials standing with him were \u201cgood negotiators\u201d and could \u201cget it done beautifully.\u201d"", ""print_section"": ""B"", ""print_page"": ""1"", ""source"": ""The New York Times"", ""multimedia"": [{""rank"": 0, ""subtype"": ""thumbnail"", ""caption"": null, ""credit"": null, ""type"": ""image"", ""url"": ""images/2016/12/24/business/24FIGHTER/24FIGHTER-thumbStandard.jpg"", ""height"": 75, ""width"": 75, ""subType"": ""thumbnail"", ""crop_name"": ""thumbStandard"", ""legacy"": {""thumbnail"": ""images/2016/12/24/business/24FIGHTER/24FIGHTER-thumbStandard.jpg"", ""thumbnailwidth"": 75, ""thumbnailheight"": 75}}, {""rank"": 0, ""subtype"": ""thumbLarge"", ""caption"": null, ""credit"": null, ""type"": ""image"", ""url"": ""images/2016/12/24/business/24FIGHTER/24FIGHTER-thumbLarge.jpg"", ""height"": 150, ""width"": 150, ""subType"": ""thumbLarge"", ""crop_name"": ""thumbLarge"", ""legacy"": {}}, {""rank"": 0, ""subtype"": ""xlarge"", ""caption"": null, ""credit"": null, ""type"": ""image"", ""url"": ""images/2016/12/24/business/24FIGHTER/24FIGHTER-articleLarge.jpg"", ""height"": 389, ""width"": 600, ""subType"": ""xlarge"", ""crop_name"": ""articleLarge"", ""legacy"": {""xlarge"": ""images/2016/12/24/business/24FIGHTER/24FIGHTER-articleLarge.jpg"", ""xlargewidth"": 600, ""xlargeheight"": 389}}, {""rank"": 0, ""subtype"": ""jumbo"", ""caption"": null, ""credit"": null, ""type"": ""image"", ""url"": ""images/2016/12/24/business/24FIGHTER/24FIGHTER-jumbo.jpg"", ""height"": 664, ""width"": 1024, ""subType"": ""jumbo"", ""crop_name"": ""jumbo"", ""legacy"": {}}, {""rank"": 0, ""subtype"": ""superJumbo"", ""caption"": null, ""credit"": null, ""type"": ""image"", ""url"": ""images/2016/12/24/business/24FIGHTER/24FIGHTER-superJumbo.jpg"", ""height"": 1327, ""width"": 2048, ""subType"": ""superJumbo"", ""crop_name"": ""superJumbo"", ""legacy"": {}}], ""headline"": {""main"": ""Trump\u2019s Push to Cut Jet Costs Hits a Nerve, but His Demands Face Limitations"", ""kicker"": null, ""content_kicker"": null, ""print_headline"": ""Trump\u2019s Demand to Lower Jet Costs Faces Limitations"", ""name"": null, ""seo"": null, ""sub"": null}, ""keywords"": [{""name"": ""subject"", ""value"": ""United States Defense and Military Forces"", ""rank"": 1, ""major"": ""N""}, {""name"": ""persons"", ""value"": ""Drew, Christopher"", ""rank"": 2, ""major"": ""N""}, {""name"": ""subject"", ""value"": ""F-35 Airplane"", ""rank"": 3, ""major"": ""N""}, {""name"": ""subject"", ""value"": ""Military Aircraft"", ""rank"": 4, ""major"": ""N""}, {""name"": ""organizations"", ""value"": ""Boeing Company"", ""rank"": 5, ""major"": ""N""}, {""name"": ""organizations"", ""value"": ""Defense Department"", ""rank"": 6, ""major"": ""N""}, {""name"": ""organizations"", ""value"": ""Lockheed Martin Corporation"", ""rank"": 7, ""major"": ""N""}, {""name"": ""persons"", ""value"": ""Trump, Donald J"", ""rank"": 8, ""major"": ""N""}, {""name"": ""subject"", ""value"": ""Government Contracts and Procurement"", ""rank"": 9, ""major"": ""N""}], ""pub_date"": ""2016-12-24T02:09:46+0000"", ""document_type"": ""article"", ""news_desk"": ""Business"", ""section_name"": ""Business Day"", ""byline"": {""original"": ""By Christopher Drew"", ""person"": [{""firstname"": ""Christopher"", ""middlename"": null, ""lastname"": ""Drew"", ""qualifier"": null, ""title"": null, ""role"": ""reported"", ""organization"": """", ""rank"": 1}], ""organization"": null}, ""type_of_material"": ""News"", ""_id"": ""nyt://article/be14aeda-198e-5591-94c1-e325797d4ddf"", ""word_count"": 1237, ""uri"": ""nyt://article/be14aeda-198e-5591-94c1-e325797d4ddf""}"
